zbin,N,H_mean,H_std,C_mean,C_std,R_mean,R_std
low-z,3079,0.3717977415747523,0.12655337618492019,0.8702145020832404,0.1102068865496618,3.049322840345542,13.636753286135795
mid-z,3073,0.34427691903834107,0.11932355344738957,0.846067379767312,0.10647154914530194,1.9427482806119247,10.80058597428812
high-z,3073,0.35891283792799733,0.13505470615587226,0.8474422981512495,0.11732131154092489,2.414945517261138,13.129560741674483
