{
  "N": 96,
  "T": 300,
  "seed": 123,
  "final_mean_s": 0.5000728983171798,
  "total_trace_R": 127268464.78023756,
  "total_prunes": 67797765,
  "SCIPY_OK": true
}