state,n_windows,mean_H_data,mean_H_surr,deltaI_mean,deltaI_median,deltaI_std,k_H_p84p16,H_mean,H_std,R_mean,R_std
eyes_closed,3161,0.7771665380107403,0.8316478979212627,-0.05448135991052248,-0.041605521347041985,0.056445995136458704,0.18077655011741978,0.7771665380107403,0.09507699034753622,0.8326986231616897,0.29230411650720883
eyes_open,3161,0.8588840237661098,0.8698184247384335,-0.01093440097232353,-0.005892415831287745,0.03282044038771683,0.08684328235708616,0.8588840237661098,0.0528256032671047,0.7474988791498646,0.26525086798919817
task,78787,0.8583453945887386,0.8714872383257772,-0.013141843737038647,-0.005902361905890774,0.03587890877007902,0.11999465995351011,0.8583453945887386,0.063513855413765,0.7758876044532416,0.23665198810105104
