state,mean,std,count
eyes_closed,0.7658376471123858,0.2808777597834123,3161
eyes_open,0.7425202810961722,0.2777299877576105,3161
task,0.7776107922628702,0.2465190807246795,78787
