{
  "n_subjects": 109,
  "mean_diff_EC_minus_EO": 0.023317366016213634,
  "CI95_bootstrap": [
    -0.005504436534688926,
    0.023450607905509888,
    0.0522295541259799
  ],
  "cohen_d_paired": 0.14931961906438168
}