{
  "n_subjects": 109,
  "mean_diff_EC_minus_EO": 0.08519974401182524,
  "CI95_bootstrap": [
    0.061343392330632206,
    0.08505494665086724,
    0.10957669792699504
  ],
  "cohen_d_paired": 0.6637120030401542,
  "p_perm_two_sided": 0.00019998000199980003
}