state,mean,std,count
eyes_closed,0.8326986231616897,0.29230411650720894,3161
eyes_open,0.7474988791498646,0.26525086798919806,3161
task,0.7758876044532416,0.23665198810104973,78787
