{
  "Rinf_ci": [
    0.8939801847060547,
    0.8975509774185126,
    0.9033080162760255
  ],
  "k_ci": [
    0.33881849994381036,
    0.6752780728751376,
    1.172018124067345
  ],
  "t0_ci": [
    -5.103655000167122,
    -0.2687097623749056,
    1.7050277485663177
  ],
  "n_boot_ok": 1000
}