model,params,rss,AIC,BIC
A_linear,"[0.8680182332993277, 0.003078826463411074]",24.372823444885647,11.92015402947112,11.139029854339322
B_saturating_exp,"[0.6266905610855477, 0.630175143163535, 0.2725574714986392]",9.305495194826722,9.105835971941362,7.934149709243663
C_logistic,"[0.8992025284237668, 0.6460598010105942, -0.37982391188100434]",9.239683984069556,9.070348858884488,7.898662596186789
